"Date","Price","Open","High","Low","Vol.","Change %"
"04/01/1980","139.99","139.99","139.99","139.99","","6.86%"
"05/01/1980","150.45","150.45","150.45","150.45","","7.47%"
"06/01/1980","157.78","157.78","157.78","157.78","","4.87%"
"07/01/1980","171.81","171.81","171.81","171.81","","8.89%"
"08/01/1980","181.52","181.52","181.52","181.52","","5.65%"
"09/01/1980","187.76","187.76","187.76","187.76","","3.44%"
"10/01/1980","192.78","192.78","192.78","192.78","","2.67%"
"11/01/1980","208.15","208.15","208.15","208.15","","7.97%"
"12/01/1980","202.34","202.34","202.34","202.34","","-2.79%"
"01/01/1981","197.81","197.81","197.81","197.81","","-2.24%"
"02/01/1981","198.01","198.01","198.01","198.01","","0.10%"
"03/01/1981","210.18","210.18","210.18","210.18","","6.15%"
"04/01/1981","216.74","216.74","216.74","216.74","","3.12%"
"05/01/1981","223.47","223.47","223.47","223.47","","3.11%"
"06/01/1981","215.75","215.75","215.75","215.75","","-3.45%"
"07/01/1981","211.63","211.63","211.63","211.63","","-1.91%"
"08/01/1981","195.75","195.75","195.75","195.75","","-7.50%"
"09/01/1981","180.03","180.03","180.03","180.03","","-8.03%"
"10/01/1981","195.24","195.24","195.24","195.24","","8.45%"
"11/01/1981","201.37","201.37","201.37","201.37","","3.14%"
"12/01/1981","195.84","195.84","195.84","195.84","","-2.75%"
"01/01/1982","188.39","188.39","188.39","188.39","","-3.80%"
"02/01/1982","179.43","179.43","179.43","179.43","","-4.76%"
"03/01/1982","175.65","175.65","175.65","175.65","","-2.11%"
"04/01/1982","184.70","184.70","184.70","184.70","","5.15%"
"05/01/1982","178.54","178.54","178.54","178.54","","-3.34%"
"06/01/1982","171.30","171.30","171.30","171.30","","-4.06%"
"07/01/1982","167.35","167.35","167.35","167.35","","-2.31%"
"08/01/1982","177.71","177.71","177.71","177.71","","6.19%"
"09/01/1982","187.65","187.65","189.62","185.53","","5.59%"
"10/01/1982","212.63","212.63","215.29","187.79","","13.31%"
"11/01/1982","232.31","232.31","233.13","212.64","","9.26%"
"12/01/1982","232.41","232.41","241.63","224.91","","0.04%"
"01/01/1983","248.35","248.35","248.35","229.88","","6.86%"
"02/01/1983","260.67","260.67","263.21","246.89","","4.96%"
"03/01/1983","270.80","270.80","272.24","260.62","","3.89%"
"04/01/1983","293.06","293.06","293.06","266.21","","8.22%"
"05/01/1983","308.73","308.73","312.18","288.56","","5.35%"
"06/01/1983","318.70","318.70","329.11","307.10","","3.23%"
"07/01/1983","303.96","303.96","321.58","303.09","","-4.63%"
"08/01/1983","292.42","292.42","304.34","288.42","","-3.80%"
"09/01/1983","296.65","296.65","305.06","292.91","","1.45%"
"10/01/1983","274.55","274.55","297.81","274.16","","-7.45%"
"11/01/1983","285.67","285.67","289.60","269.42","","4.05%"
"12/01/1983","278.60","278.60","286.12","274.36","","-2.47%"
"01/01/1984","268.43","268.43","288.41","267.75","","-3.65%"
"02/01/1984","252.57","252.57","268.79","246.03","","-5.91%"
"03/01/1984","250.78","250.78","255.67","248.49","","-0.71%"
"04/01/1984","247.44","247.44","251.28","240.70","","-1.33%"
"05/01/1984","232.82","232.82","253.45","230.22","","-5.91%"
"06/01/1984","239.65","239.65","241.52","232.80","","2.93%"
"07/01/1984","229.70","229.70","239.77","225.29","","-4.15%"
"08/01/1984","254.64","254.64","255.29","229.62","","10.86%"
"09/01/1984","249.94","249.94","255.87","249.36","","-1.85%"
"10/01/1984","247.03","247.03","252.59","242.20","","-1.16%"
"11/01/1984","242.53","242.53","250.96","242.19","","-1.82%"
"12/01/1984","247.35","247.35","247.41","237.58","","1.99%"
"01/01/1985","278.70","278.70","278.95","245.70","","12.67%"
"02/01/1985","284.17","284.17","288.87","277.69","","1.96%"
"03/01/1985","279.20","279.20","287.96","275.61","","-1.75%"
"04/01/1985","280.56","280.56","284.79","276.21","","0.49%"
"05/01/1985","290.80","290.80","294.80","278.76","","3.65%"
"06/01/1985","296.20","296.20","296.20","286.69","","1.86%"
"07/01/1985","301.29","301.29","307.94","295.54","","1.72%"
"08/01/1985","297.71","297.71","304.58","295.52","","-1.19%"
"09/01/1985","280.33","280.33","297.73","279.48","","-5.84%"
"10/01/1985","292.54","292.54","292.78","276.61","","4.36%"
"11/01/1985","313.95","313.95","314.05","292.50","","7.32%"
"12/01/1985","324.93","324.93","325.61","312.30","","3.50%"
"01/01/1986","335.77","335.77","335.82","322.06","","3.34%"
"02/01/1986","359.53","359.53","360.00","335.77","","7.08%"
"03/01/1986","374.72","374.72","374.74","359.07","","4.22%"
"04/01/1986","383.24","383.24","392.95","368.00","","2.27%"
"05/01/1986","400.16","400.16","400.39","381.45","","4.41%"
"06/01/1986","405.51","405.51","405.51","391.75","","1.34%"
"07/01/1986","371.37","371.37","411.33","369.11","","-8.42%"
"08/01/1986","382.86","382.86","383.22","364.36","","3.09%"
"09/01/1986","350.67","350.67","383.99","342.28","","-8.41%"
"10/01/1986","360.77","360.77","361.60","351.22","","2.88%"
"11/01/1986","359.57","359.57","362.48","349.09","","-0.33%"
"12/01/1986","348.83","348.83","364.65","347.00","","-2.99%"
"01/01/1987","392.06","392.06","402.33","348.81","","12.39%"
"02/01/1987","424.97","424.97","424.97","392.04","","8.39%"
"03/01/1987","430.05","430.05","439.99","422.92","","1.20%"
"04/01/1987","417.81","417.81","439.16","407.35","","-2.85%"
"05/01/1987","416.54","416.54","424.83","404.52","","-0.30%"
"06/01/1987","424.67","424.67","429.89","413.53","","1.95%"
"07/01/1987","434.93","434.93","434.94","423.73","","2.42%"
"08/01/1987","454.97","454.97","455.78","431.17","","4.61%"
"09/01/1987","444.29","444.29","456.27","433.86","","-2.35%"
"10/01/1987","323.30","323.30","453.88","288.49","","-27.23%"
"11/01/1987","305.16","305.16","328.82","301.62","","-5.61%"
"12/01/1987","330.47","330.47","333.23","291.86","","8.29%"
"01/01/1988","344.66","344.66","350.30","329.00","","4.29%"
"02/01/1988","366.95","366.95","366.99","343.48","","6.47%"
"03/01/1988","374.64","374.64","382.61","366.68","","2.10%"
"04/01/1988","379.23","379.23","384.26","369.82","","1.23%"
"05/01/1988","370.34","370.34","383.06","362.37","","-2.34%"
"06/01/1988","394.66","394.66","394.77","370.33","","6.57%"
"07/01/1988","387.33","387.33","397.54","382.13","","-1.86%"
"08/01/1988","376.55","376.55","389.50","372.20","","-2.78%"
"09/01/1988","387.71","387.71","388.37","372.15","","2.96%"
"10/01/1988","382.46","382.46","388.93","380.66","","-1.35%"
"11/01/1988","371.45","371.45","383.07","364.03","","-2.88%"
"12/01/1988","381.38","381.38","381.38","371.16","","2.67%"
"01/01/1989","401.30","401.30","401.41","376.87","","5.22%"
"02/01/1989","399.71","399.71","410.09","398.13","","-0.40%"
"03/01/1989","406.73","406.73","409.86","397.68","","1.76%"
"04/01/1989","427.55","427.55","427.59","406.48","","5.12%"
"05/01/1989","446.17","446.17","446.25","425.68","","4.36%"
"06/01/1989","435.29","435.29","454.59","431.72","","-2.44%"
"07/01/1989","453.84","453.84","453.86","434.35","","4.26%"
"08/01/1989","469.33","469.33","469.42","452.41","","3.41%"
"09/01/1989","472.92","472.92","474.56","464.83","","0.76%"
"10/01/1989","455.63","455.63","487.60","447.00","","-3.66%"
"11/01/1989","456.09","456.09","457.83","446.72","","0.10%"
"12/01/1989","454.82","454.82","459.40","431.70","","-0.28%"
"01/01/1990","415.81","415.81","461.72","409.98","","-8.58%"
"02/01/1990","425.83","425.83","430.92","415.79","","2.41%"
"03/01/1990","435.54","435.54","443.31","424.44","","2.28%"
"04/01/1990","420.07","420.07","438.50","416.95","","-3.55%"
"05/01/1990","458.97","458.97","459.98","420.07","","9.26%"
"06/01/1990","462.29","462.29","469.42","453.10","","0.72%"
"07/01/1990","438.24","438.24","470.30","436.76","","-5.20%"
"08/01/1990","381.21","381.21","438.59","359.67","","-13.01%"
"09/01/1990","344.51","344.51","385.19","334.54","","-9.63%"
"10/01/1990","329.84","329.84","360.97","322.93","","-4.26%"
"11/01/1990","359.06","359.06","359.06","327.75","","8.86%"
"12/01/1990","373.84","373.84","378.03","359.05","","4.12%"
"01/01/1991","414.20","414.20","414.29","352.85","","10.80%"
"02/01/1991","453.05","453.05","454.47","413.45","","9.38%"
"03/01/1991","482.30","482.30","483.48","450.26","","6.46%"
"04/01/1991","484.72","484.72","512.75","479.07","","0.50%"
"05/01/1991","506.11","506.11","506.16","476.53","","4.41%"
"06/01/1991","475.92","475.92","508.07","470.92","","-5.97%"
"07/01/1991","502.04","502.04","502.21","471.17","","5.49%"
"08/01/1991","525.68","508.27","527.76","487.00","","4.71%"
"09/01/1991","526.88","526.01","529.29","510.97","","0.23%"
"10/01/1991","542.98","527.34","543.11","513.08","","3.06%"
"11/01/1991","523.90","543.26","558.29","516.34","","-3.51%"
"12/01/1991","586.34","522.23","586.35","518.53","","11.92%"
"01/01/1992","620.21","584.28","633.08","576.04","","5.78%"
"02/01/1992","633.47","619.77","646.11","616.83","","2.14%"
"03/01/1992","603.77","633.85","637.25","599.41","","-4.69%"
"04/01/1992","578.68","601.58","603.70","557.03","","-4.16%"
"05/01/1992","585.31","579.96","591.27","571.00","","1.15%"
"06/01/1992","563.60","584.43","591.12","545.85","","-3.71%"
"07/01/1992","580.83","563.36","581.11","553.74","","3.06%"
"08/01/1992","563.12","580.75","583.90","550.23","","-3.05%"
"09/01/1992","583.27","563.21","594.27","562.19","","3.58%"
"10/01/1992","605.17","582.48","606.71","551.64","","3.75%"
"11/01/1992","652.73","605.48","652.77","603.23","","7.86%"
"12/01/1992","676.95","652.34","676.95","648.69","","3.71%"
"01/01/1993","696.34","676.78","711.29","670.40","","2.86%"
"02/01/1993","670.77","696.79","711.29","647.69","","-3.67%"
"03/01/1993","690.13","671.84","697.52","668.55","","2.89%"
"04/01/1993","661.42","690.24","691.22","644.59","","-4.16%"
"05/01/1993","700.53","662.29","707.29","661.24","","5.91%"
"06/01/1993","703.95","701.16","706.64","682.83","","0.49%"
"07/01/1993","704.70","704.42","714.12","694.49","","0.11%"
"08/01/1993","742.84","705.06","743.14","704.70","","5.41%"
"09/01/1993","762.78","742.79","766.67","724.32","","2.68%"
"10/01/1993","779.26","762.52","791.30","758.78","","2.16%"
"11/01/1993","754.39","779.78","786.26","737.53","","-3.19%"
"12/01/1993","776.80","757.40","777.02","750.25","","2.97%"
"01/01/1994","800.47","777.29","800.70","768.34","","3.05%"
"02/01/1994","792.50","799.99","800.51","767.07","","-1.00%"
"03/01/1994","743.46","793.35","804.53","731.74","","-6.19%"
"04/01/1994","733.84","737.13","755.60","703.15","","-1.29%"
"05/01/1994","735.19","735.01","742.68","703.78","","0.18%"
"06/01/1994","705.96","735.01","744.97","690.85","","-3.98%"
"07/01/1994","722.16","706.29","726.06","699.37","","2.29%"
"08/01/1994","765.62","722.84","767.67","715.77","","6.02%"
"09/01/1994","764.29","763.00","779.73","752.35","","-0.17%"
"10/01/1994","777.49","764.47","778.88","737.59","","1.73%"
"11/01/1994","750.32","776.25","777.52","728.72","","-3.49%"
"12/01/1994","751.96","748.83","752.21","710.87","","0.22%"
"01/01/1995","755.20","751.31","774.35","740.44","","0.43%"
"02/01/1995","793.73","756.68","796.24","755.20","","5.10%"
"03/01/1995","817.21","794.33","830.01","790.23","","2.96%"
"04/01/1995","843.98","816.06","844.45","810.82","","3.28%"
"05/01/1995","864.58","844.72","886.10","839.26","","2.44%"
"06/01/1995","933.45","865.67","940.21","863.76","","7.97%"
"07/01/1995","1,001.21","933.99","1,011.90","931.95","","7.26%"
"08/01/1995","1,020.11","1,001.57","1,035.35","970.60","","1.89%"
"09/01/1995","1,043.54","1,019.42","1,070.47","1,008.38","","2.30%"
"10/01/1995","1,036.06","1,041.39","1,050.69","956.98","","-0.72%"
"11/01/1995","1,059.20","1,037.30","1,068.80","1,016.36","","2.23%"
"12/01/1995","1,052.13","1,060.66","1,075.14","1,001.37","","-0.67%"
"01/01/1996","1,059.79","1,052.83","1,059.81","969.95","","0.73%"
"02/01/1996","1,100.05","1,058.26","1,122.05","1,057.70","","3.80%"
"03/01/1996","1,101.40","1,098.94","1,119.89","1,057.73","","0.12%"
"04/01/1996","1,190.52","1,105.77","1,191.17","1,092.23","","8.09%"
"05/01/1996","1,243.43","1,190.48","1,252.92","1,163.02","","4.44%"
"06/01/1996","1,185.02","1,242.54","1,254.32","1,147.58","","-4.70%"
"07/01/1996","1,080.59","1,185.64","1,199.98","1,008.44","","-8.81%"
"08/01/1996","1,141.50","1,081.34","1,154.03","1,080.41","","5.64%"
"09/01/1996","1,226.92","1,133.30","1,237.26","1,123.14","","7.48%"
"10/01/1996","1,221.51","1,223.73","1,269.62","1,202.36","","-0.44%"
"11/01/1996","1,292.61","1,223.72","1,293.75","1,165.81","","5.82%"
"12/01/1996","1,291.03","1,294.78","1,328.95","1,251.03","","-0.12%"
"01/01/1997","1,379.85","1,292.65","1,400.53","1,272.34","","6.88%"
"02/01/1997","1,309.00","1,383.97","1,384.51","1,296.88","","-5.13%"
"03/01/1997","1,221.70","1,306.21","1,332.49","1,220.40","","-6.67%"
"04/01/1997","1,260.76","1,211.28","1,267.41","1,194.16","","3.20%"
"05/01/1997","1,400.32","1,263.93","1,414.26","1,260.94","","11.07%"
"06/01/1997","1,442.07","1,407.07","1,458.85","1,375.45","","2.98%"
"07/01/1997","1,593.81","1,442.65","1,595.76","1,432.42","","10.52%"
"08/01/1997","1,587.32","1,594.67","1,638.26","1,545.13","","-0.41%"
"09/01/1997","1,685.69","1,595.07","1,702.49","1,587.32","","6.20%"
"10/01/1997","1,593.61","1,690.79","1,748.78","1,465.84","","-5.46%"
"11/01/1997","1,600.55","1,609.62","1,654.43","1,526.85","","0.44%"
"12/01/1997","1,570.35","1,608.56","1,652.84","1,486.23","","-1.89%"
"01/01/1998","1,619.36","1,574.10","1,629.54","1,465.61","","3.12%"
"02/01/1998","1,770.51","1,640.06","1,783.74","1,619.36","","9.33%"
"03/01/1998","1,835.68","1,778.72","1,840.83","1,708.48","","3.68%"
"04/01/1998","1,868.41","1,838.15","1,931.83","1,788.74","","1.78%"
"05/01/1998","1,778.87","1,871.81","1,890.80","1,741.72","","-4.79%"
"06/01/1998","1,894.74","1,770.37","1,898.76","1,715.04","","6.51%"
"07/01/1998","1,872.39","1,904.24","2,028.18","1,871.72","","-1.18%"
"08/01/1998","1,499.25","1,869.72","1,874.31","1,498.73","","-19.93%"
"09/01/1998","1,693.84","1,509.01","1,769.71","1,475.49","","12.98%"
"10/01/1998","1,771.39","1,663.30","1,781.63","1,357.09","","4.58%"
"11/01/1998","1,949.54","1,783.71","2,025.04","1,771.40","","10.06%"
"12/01/1998","2,192.69","1,928.51","2,200.63","1,924.15","","12.47%"
"01/01/1999","2,505.89","2,207.54","2,506.68","2,192.68","","14.28%"
"02/01/1999","2,288.03","2,522.38","2,533.44","2,224.21","","-8.69%"
"03/01/1999","2,461.40","2,286.83","2,520.63","2,235.19","","7.58%"
"04/01/1999","2,542.85","2,493.07","2,677.76","2,329.87","","3.31%"
"05/01/1999","2,470.52","2,546.33","2,632.74","2,339.12","","-2.84%"
"06/01/1999","2,686.12","2,467.51","2,696.87","2,364.59","","8.73%"
"07/01/1999","2,638.49","2,692.96","2,874.92","2,619.08","","-1.77%"
"08/01/1999","2,739.35","2,638.31","2,819.90","2,442.22","","3.82%"
"09/01/1999","2,746.16","2,752.33","2,897.53","2,684.70","","0.25%"
"10/01/1999","2,966.43","2,729.04","2,978.63","2,632.01","","8.02%"
"11/01/1999","3,336.16","2,970.93","3,469.35","2,967.63","","12.46%"
"12/01/1999","4,069.31","3,341.10","4,090.61","3,321.57","","21.98%"
"01/01/2000","3,940.35","4,186.19","4,303.15","3,711.09","","-3.17%"
"02/01/2000","4,696.69","3,961.07","4,698.46","3,911.84","","19.19%"
"03/01/2000","4,572.83","4,732.82","5,132.52","4,355.69","","-2.64%"
"04/01/2000","3,860.66","4,494.89","4,572.84","3,227.04","","-15.57%"
"05/01/2000","3,400.91","3,930.18","3,982.38","3,042.66","","-11.91%"
"06/01/2000","3,966.11","3,471.95","4,073.73","3,400.91","","16.62%"
"07/01/2000","3,766.99","3,950.59","4,289.06","3,615.79","","-5.02%"
"08/01/2000","4,206.35","3,760.95","4,208.73","3,521.14","","11.66%"
"09/01/2000","3,672.82","4,252.15","4,259.87","3,614.66","","-12.68%"
"10/01/2000","3,369.63","3,714.48","3,714.48","3,026.11","","-8.25%"
"11/01/2000","2,597.93","3,316.51","3,480.01","2,523.04","","-22.90%"
"12/01/2000","2,470.52","2,644.09","3,028.75","2,288.16","","-4.90%"
"01/01/2001","2,772.73","2,474.16","2,892.36","2,251.71","","12.23%"
"02/01/2001","2,151.83","2,771.57","2,796.89","2,127.50","","-22.39%"
"03/01/2001","1,840.26","2,126.30","2,243.78","1,794.21","","-14.48%"
"04/01/2001","2,116.24","1,835.22","2,202.86","1,619.58","","15.00%"
"05/01/2001","2,110.49","2,116.24","2,328.05","2,052.41","","-0.27%"
"06/01/2001","2,161.24","2,131.12","2,264.58","1,973.70","","2.40%"
"07/01/2001","2,027.13","2,156.76","2,181.05","1,934.67","","-6.21%"
"08/01/2001","1,805.43","2,051.56","2,102.53","1,777.11","","-10.94%"
"09/01/2001","1,498.80","1,802.29","1,836.19","1,387.06","","-16.98%"
"10/01/2001","1,690.20","1,491.45","1,792.87","1,458.41","","12.77%"
"11/01/2001","1,930.58","1,705.52","1,965.09","1,683.99","","14.22%"
"12/01/2001","1,950.40","1,915.13","2,065.69","1,898.98","","1.03%"
"01/01/2002","1,934.03","1,965.18","2,098.88","1,851.49","","-0.84%"
"02/01/2002","1,731.49","1,928.83","1,942.15","1,696.55","","-10.47%"
"03/01/2002","1,845.35","1,745.49","1,946.23","1,742.08","","6.58%"
"04/01/2002","1,688.23","1,834.59","1,865.37","1,640.97","","-8.51%"
"05/01/2002","1,615.73","1,683.76","1,759.33","1,560.29","","-4.29%"
"06/01/2002","1,463.21","1,613.50","1,621.50","1,375.53","","-9.44%"
"07/01/2002","1,328.26","1,457.04","1,459.84","1,192.42","","-9.22%"
"08/01/2002","1,314.85","1,322.47","1,426.76","1,205.68","","-1.01%"
"09/01/2002","1,172.06","1,302.67","1,347.27","1,160.07","","-10.86%"
"10/01/2002","1,329.75","1,180.26","1,347.58","1,108.49","","13.45%"
"11/01/2002","1,478.78","1,320.95","1,497.44","1,313.72","","11.21%"
"12/01/2002","1,335.51","1,507.94","1,521.44","1,327.19","","-9.69%"
"01/01/2003","1,320.91","1,346.93","1,467.35","1,303.64","","-1.09%"
"02/01/2003","1,337.52","1,324.74","1,352.07","1,261.79","","1.26%"
"03/01/2003","1,341.17","1,344.21","1,425.73","1,253.22","","0.27%"
"04/01/2003","1,464.31","1,347.54","1,482.49","1,338.23","","9.18%"
"05/01/2003","1,595.91","1,463.00","1,599.92","1,451.32","","8.99%"
"06/01/2003","1,622.80","1,612.10","1,686.10","1,584.70","","1.68%"
"07/01/2003","1,735.02","1,617.30","1,776.10","1,598.92","","6.92%"
"08/01/2003","1,810.45","1,731.63","1,813.82","1,640.88","","4.35%"
"09/01/2003","1,786.94","1,817.92","1,913.74","1,783.46","","-1.30%"
"10/01/2003","1,932.21","1,797.07","1,966.87","1,796.09","","8.13%"
"11/01/2003","1,960.26","1,941.31","1,992.27","1,878.07","","1.45%"
"12/01/2003","2,003.37","1,972.97","2,015.23","1,887.46","","2.20%"
"01/01/2004","2,066.15","2,011.08","2,153.83","1,999.77","","3.13%"
"02/01/2004","2,029.82","2,072.13","2,094.92","1,991.05","","-1.76%"
"03/01/2004","1,994.22","2,036.92","2,069.02","1,896.91","","-1.75%"
"04/01/2004","1,920.15","1,996.45","2,079.12","1,919.39","","-3.71%"
"05/01/2004","1,986.74","1,928.72","1,991.87","1,865.40","","3.47%"
"06/01/2004","2,047.79","1,978.52","2,055.65","1,960.26","","3.07%"
"07/01/2004","1,887.36","2,045.53","2,045.53","1,829.06","","-7.83%"
"08/01/2004","1,838.10","1,874.93","1,893.13","1,750.82","","-2.61%"
"09/01/2004","1,896.84","1,833.37","1,925.85","1,833.33","","3.20%"
"10/01/2004","1,974.99","1,909.59","1,984.18","1,899.33","","4.12%"
"11/01/2004","2,096.81","1,975.48","2,117.89","1,969.32","","6.17%"
"12/01/2004","2,175.44","2,104.58","2,185.56","2,097.86","","3.75%"
"01/01/2005","2,062.41","2,184.75","2,191.60","2,008.68","","-5.20%"
"02/01/2005","2,051.72","2,063.27","2,103.45","2,023.00","","-0.52%"
"03/01/2005","1,999.23","2,057.47","2,100.57","1,968.58","","-2.56%"
"04/01/2005","1,921.65","2,009.09","2,021.82","1,889.83","","-3.88%"
"05/01/2005","2,068.22","1,923.23","2,076.80","1,916.03","","7.63%"
"06/01/2005","2,056.96","2,067.23","2,106.57","2,039.69","","-0.54%"
"07/01/2005","2,184.83","2,060.97","2,201.39","2,050.30","","6.22%"
"08/01/2005","2,152.09","2,191.49","2,219.91","2,112.25","","-1.50%"
"09/01/2005","2,151.69","2,150.03","2,186.83","2,093.06","","-0.02%"
"10/01/2005","2,120.30","2,152.70","2,167.00","2,025.58","","-1.46%"
"11/01/2005","2,232.82","2,109.89","2,269.30","2,108.86","","5.31%"
"12/01/2005","2,205.32","2,244.85","2,278.16","2,200.51","","-1.23%"
"01/01/2006","2,305.82","2,216.53","2,332.92","2,189.91","","4.56%"
"02/01/2006","2,281.39","2,294.11","2,313.53","2,232.68","","-1.06%"
"03/01/2006","2,339.79","2,288.15","2,353.14","2,239.54","","2.56%"
"04/01/2006","2,322.57","2,352.24","2,375.54","2,299.42","","-0.74%"
"05/01/2006","2,178.88","2,329.79","2,352.56","2,135.81","","-6.19%"
"06/01/2006","2,172.09","2,179.82","2,233.88","2,065.11","17.54B","-0.31%"
"07/01/2006","2,091.47","2,177.91","2,190.44","2,012.78","26.89B","-3.71%"
"08/01/2006","2,183.75","2,080.34","2,193.34","2,048.22","18.68B","4.41%"
"09/01/2006","2,258.43","2,194.56","2,273.30","2,147.44","18.44B","3.42%"
"10/01/2006","2,366.71","2,257.00","2,379.29","2,224.21","20.92B","4.79%"
"11/01/2006","2,431.77","2,373.49","2,468.42","2,316.82","17.20B","2.75%"
"12/01/2006","2,415.29","2,430.75","2,470.95","2,392.95","16.06B","-0.68%"
"01/01/2007","2,463.93","2,429.72","2,508.93","2,394.66","18.72B","2.01%"
"02/01/2007","2,416.15","2,474.08","2,531.42","2,395.35","17.10B","-1.94%"
"03/01/2007","2,421.64","2,377.18","2,459.96","2,331.57","20.27B","0.23%"
"04/01/2007","2,525.09","2,425.36","2,562.99","2,409.04","18.18B","4.27%"
"05/01/2007","2,604.52","2,529.95","2,607.90","2,510.57","20.21B","3.15%"
"06/01/2007","2,603.23","2,614.01","2,634.60","2,534.97","20.01B","-0.05%"
"07/01/2007","2,545.57","2,617.39","2,724.74","2,545.57","20.21B","-2.21%"
"08/01/2007","2,596.36","2,538.50","2,627.75","2,386.69","23.99B","2.00%"
"09/01/2007","2,701.50","2,596.38","2,716.75","2,536.93","15.46B","4.05%"
"10/01/2007","2,859.12","2,704.25","2,861.51","2,698.14","20.70B","5.83%"
"11/01/2007","2,660.96","2,835.00","2,835.63","2,539.81","21.07B","-6.93%"
"12/01/2007","2,652.28","2,654.91","2,734.82","2,553.99","16.08B","-0.33%"
"01/01/2008","2,389.86","2,653.91","2,661.50","2,202.54","24.81B","-9.89%"
"02/01/2008","2,271.48","2,392.58","2,419.23","2,252.65","19.89B","-4.95%"
"03/01/2008","2,279.10","2,271.26","2,346.78","2,155.42","19.52B","0.34%"
"04/01/2008","2,412.80","2,306.51","2,451.19","2,266.29","17.61B","5.87%"
"05/01/2008","2,522.66","2,416.49","2,551.47","2,416.49","17.48B","4.55%"
"06/01/2008","2,292.98","2,514.82","2,549.94","2,290.59","19.27B","-9.10%"
"07/01/2008","2,325.55","2,274.24","2,353.39","2,167.29","20.42B","1.42%"
"08/01/2008","2,367.52","2,326.83","2,473.20","2,280.93","14.41B","1.80%"
"09/01/2008","2,091.88","2,402.11","2,413.11","1,983.73","19.75B","-11.64%"
"10/01/2008","1,720.95","2,075.10","2,083.20","1,493.79","25.28B","-17.73%"
"11/01/2008","1,535.57","1,718.89","1,785.84","1,295.48","15.97B","-10.77%"
"12/01/2008","1,577.03","1,496.09","1,602.92","1,398.07","15.38B","2.70%"
"01/01/2009","1,476.42","1,578.87","1,665.63","1,434.08","15.09B","-6.38%"
"02/01/2009","1,377.84","1,460.85","1,598.50","1,372.42","15.71B","-6.68%"
"03/01/2009","1,528.59","1,356.13","1,587.00","1,265.52","17.30B","10.94%"
"04/01/2009","1,717.30","1,504.87","1,753.61","1,498.54","15.43B","12.35%"
"05/01/2009","1,774.33","1,719.29","1,774.33","1,664.19","14.46B","3.32%"
"06/01/2009","1,835.04","1,796.09","1,879.92","1,753.78","16.20B","3.42%"
"07/01/2009","1,978.50","1,846.12","2,009.81","1,727.05","14.22B","7.82%"
"08/01/2009","2,009.06","1,998.35","2,059.48","1,929.64","12.70B","1.54%"
"09/01/2009","2,122.42","2,001.30","2,167.70","1,958.04","14.27B","5.64%"
"10/01/2009","2,045.11","2,111.77","2,190.64","2,040.21","15.23B","-3.64%"
"11/01/2009","2,144.60","2,047.42","2,205.32","2,024.27","11.98B","4.86%"
"12/01/2009","2,269.15","2,162.23","2,295.80","2,155.96","11.53B","5.81%"
"01/01/2010","2,147.35","2,294.41","2,326.28","2,140.34","12.78B","-5.37%"
"02/01/2010","2,238.26","2,155.81","2,251.68","2,100.17","12.18B","4.23%"
"03/01/2010","2,397.96","2,247.40","2,432.25","2,247.33","14.44B","7.14%"
"04/01/2010","2,461.19","2,411.68","2,535.28","2,383.77","13.66B","2.64%"
"05/01/2010","2,257.04","2,472.32","2,503.00","2,140.53","15.56B","-8.29%"
"06/01/2010","2,109.24","2,244.79","2,341.11","2,105.26","14.17B","-6.55%"
"07/01/2010","2,254.70","2,110.75","2,307.60","2,061.14","12.50B","6.90%"
"08/01/2010","2,114.03","2,283.32","2,309.43","2,099.29","11.61B","-6.24%"
"09/01/2010","2,368.62","2,142.75","2,400.06","2,141.95","11.62B","12.04%"
"10/01/2010","2,507.41","2,386.82","2,517.50","2,332.46","10.96B","5.86%"
"11/01/2010","2,498.23","2,520.45","2,592.94","2,459.79","11.05B","-0.37%"
"12/01/2010","2,652.87","2,535.19","2,675.26","2,535.19","9.34B","6.19%"
"01/01/2011","2,700.08","2,676.65","2,766.17","2,663.64","9.52B","1.78%"
"02/01/2011","2,782.27","2,717.61","2,840.51","2,705.54","9.62B","3.04%"
"03/01/2011","2,781.07","2,791.08","2,802.32","2,603.50","12.13B","-0.04%"
"04/01/2011","2,873.54","2,796.67","2,876.83","2,706.50","10.19B","3.32%"
"05/01/2011","2,835.30","2,881.28","2,887.75","2,739.85","11.83B","-1.33%"
"06/01/2011","2,773.52","2,829.39","2,834.05","2,599.86","12.85B","-2.18%"
"07/01/2011","2,756.38","2,775.08","2,878.94","2,724.99","9.76B","-0.62%"
"08/01/2011","2,579.46","2,791.45","2,796.24","2,331.65","15.41B","-6.42%"
"09/01/2011","2,415.40","2,583.34","2,643.37","2,414.31","11.94B","-6.36%"
"10/01/2011","2,684.41","2,401.19","2,753.37","2,298.89","11.33B","11.14%"
"11/01/2011","2,620.34","2,607.31","2,730.39","2,441.48","10.18B","-2.39%"
"12/01/2011","2,605.15","2,615.67","2,674.53","2,518.01","8.75B","-0.58%"
"01/01/2012","2,813.84","2,657.39","2,834.30","2,627.23","8.79B","8.01%"
"02/01/2012","2,966.89","2,830.10","3,000.11","2,825.19","9.35B","5.44%"
"03/01/2012","3,091.57","2,979.11","3,134.17","2,900.28","9.68B","4.20%"
"04/01/2012","3,046.36","3,085.94","3,128.25","2,946.04","8.93B","-1.46%"
"05/01/2012","2,827.34","3,044.79","3,085.40","2,774.45","10.55B","-7.19%"
"06/01/2012","2,935.05","2,810.13","2,942.28","2,726.68","10.16B","3.81%"
"07/01/2012","2,939.52","2,938.41","2,987.94","2,837.72","8.86B","0.15%"
"08/01/2012","3,066.96","2,956.72","3,100.54","2,890.85","8.59B","4.34%"
"09/01/2012","3,116.23","3,063.25","3,196.93","3,040.24","8.06B","1.61%"
"10/01/2012","2,977.23","3,130.31","3,171.46","2,961.16","8.25B","-4.46%"
"11/01/2012","3,010.24","2,987.54","3,033.85","2,810.80","8.59B","1.11%"
"12/01/2012","3,019.51","3,029.21","3,061.82","2,951.04","7.73B","0.31%"
"01/01/2013","3,142.13","3,091.33","3,164.06","3,076.60","8.32B","4.06%"
"02/01/2013","3,160.19","3,162.94","3,213.60","3,105.36","8.07B","0.57%"
"03/01/2013","3,267.52","3,143.54","3,270.30","3,129.40","7.85B","3.40%"
"04/01/2013","3,328.79","3,268.63","3,328.79","3,154.96","9.23B","1.88%"
"05/01/2013","3,455.91","3,325.35","3,532.04","3,296.51","9.02B","3.82%"
"06/01/2013","3,403.25","3,460.76","3,488.31","3,294.95","9.56B","-1.52%"
"07/01/2013","3,626.37","3,430.48","3,649.35","3,415.23","8.37B","6.56%"
"08/01/2013","3,589.87","3,654.18","3,694.19","3,573.57","7.58B","-1.01%"
"09/01/2013","3,771.48","3,622.64","3,798.76","3,593.62","8.33B","5.06%"
"10/01/2013","3,919.71","3,774.18","3,966.71","3,650.03","10.31B","3.93%"
"11/01/2013","4,059.89","3,932.45","4,069.70","3,855.07","8.56B","3.58%"
"12/01/2013","4,176.59","4,065.66","4,177.73","3,979.59","9.26B","2.87%"
"01/01/2014","4,103.88","4,160.03","4,246.55","4,044.76","10.89B","-1.74%"
"02/01/2014","4,308.12","4,105.06","4,342.59","3,968.19","9.94B","4.98%"
"03/01/2014","4,198.99","4,261.42","4,371.71","4,131.81","11.62B","-2.53%"
"04/01/2014","4,114.56","4,219.87","4,286.08","3,946.03","11.05B","-2.01%"
"05/01/2014","4,242.62","4,121.25","4,252.08","4,021.05","9.83B","3.11%"
"06/01/2014","4,408.18","4,247.96","4,417.46","4,207.61","10.35B","3.90%"
"07/01/2014","4,369.77","4,424.71","4,485.92","4,351.04","9.70B","-0.87%"
"08/01/2014","4,580.27","4,363.39","4,580.27","4,321.89","8.18B","4.82%"
"09/01/2014","4,493.39","4,592.42","4,610.57","4,464.44","10.14B","-1.90%"
"10/01/2014","4,630.74","4,486.65","4,641.51","4,116.60","12.87B","3.06%"
"11/01/2014","4,791.63","4,633.71","4,810.86","4,594.92","8.48B","3.47%"
"12/01/2014","4,736.05","4,777.73","4,814.95","4,547.31","10.63B","-1.16%"
"01/01/2015","4,635.24","4,760.24","4,777.01","4,563.11","10.02B","-2.13%"
"02/01/2015","4,963.53","4,650.60","4,989.25","4,580.46","8.77B","7.08%"
"03/01/2015","4,900.88","4,973.43","5,042.14","4,825.93","10.39B","-1.26%"
"04/01/2015","4,941.42","4,894.36","5,119.83","4,844.39","8.96B","0.83%"
"05/01/2015","5,070.02","4,966.32","5,111.54","4,888.17","8.57B","2.60%"
"06/01/2015","4,986.87","5,094.94","5,164.36","4,956.23","10.53B","-1.64%"
"07/01/2015","5,128.28","5,029.04","5,231.94","4,901.51","9.46B","2.84%"
"08/01/2015","4,776.51","5,134.34","5,175.26","4,292.14","10.46B","-6.86%"
"09/01/2015","4,620.17","4,673.61","4,960.87","4,487.06","10.53B","-3.27%"
"10/01/2015","5,053.75","4,624.46","5,095.69","4,552.34","9.91B","9.38%"
"11/01/2015","5,108.67","5,065.64","5,163.47","4,908.66","8.40B","1.09%"
"12/01/2015","5,007.41","5,129.64","5,176.77","4,871.59","9.86B","-1.98%"
"01/01/2016","4,613.95","4,897.65","4,926.73","4,313.38","10.70B","-7.86%"
"02/01/2016","4,557.95","4,587.59","4,636.93","4,209.76","10.51B","-1.21%"
"03/01/2016","4,869.85","4,596.01","4,899.14","4,581.75","10.06B","6.84%"
"04/01/2016","4,775.36","4,842.55","4,969.32","4,740.84","8.82B","-1.94%"
"05/01/2016","4,948.06","4,786.55","4,951.45","4,678.38","9.21B","3.62%"
"06/01/2016","4,842.67","4,928.97","4,980.14","4,574.25","10.96B","-2.13%"
"07/01/2016","5,162.13","4,837.18","5,175.81","4,786.01","8.01B","6.60%"
"08/01/2016","5,213.22","5,167.42","5,275.74","5,109.80","8.79B","0.99%"
"09/01/2016","5,312.00","5,218.28","5,342.88","5,097.80","9.63B","1.89%"
"10/01/2016","5,189.13","5,300.29","5,340.52","5,169.76","7.97B","-2.31%"
"11/01/2016","5,323.68","5,199.77","5,403.86","5,034.41","9.91B","2.59%"
"12/01/2016","5,383.12","5,323.88","5,512.37","5,238.21","9.32B","1.12%"
"01/01/2017","5,614.79","5,425.62","5,669.61","5,397.99","8.38B","4.30%"
"02/01/2017","5,825.44","5,654.51","5,867.89","5,616.40","8.56B","3.75%"
"03/01/2017","5,911.74","5,874.86","5,928.06","5,769.39","11.00B","1.48%"
"04/01/2017","6,047.61","5,917.31","6,074.04","5,805.15","8.30B","2.30%"
"05/01/2017","6,198.52","6,067.56","6,221.99","5,996.81","10.24B","2.50%"
"06/01/2017","6,140.42","6,215.92","6,341.70","6,087.81","12.50B","-0.94%"
"07/01/2017","6,348.12","6,173.29","6,460.84","6,081.96","8.58B","3.38%"
"08/01/2017","6,428.66","6,372.16","6,435.27","6,177.19","9.58B","1.27%"
"09/01/2017","6,495.96","6,442.17","6,497.98","6,334.59","9.41B","1.05%"
"10/01/2017","6,727.67","6,506.08","6,737.75","6,484.14","9.64B","3.57%"
"11/01/2017","6,873.97","6,758.64","6,914.19","6,667.31","10.20B","2.17%"
"12/01/2017","6,903.39","6,844.04","7,003.89","6,734.13","10.00B","0.43%"
"01/01/2018","7,411.48","6,937.65","7,505.77","6,924.08","10.40B","7.36%"
"02/01/2018","7,273.01","7,377.17","7,441.09","6,630.67","10.81B","-1.87%"
"03/01/2018","7,063.44","7,274.75","7,637.27","6,901.07","12.33B","-2.88%"
"04/01/2018","7,066.27","7,016.17","7,319.58","6,805.96","10.16B","0.04%"
"05/01/2018","7,442.12","7,053.65","7,492.42","6,991.14","10.64B","5.32%"
"06/01/2018","7,510.30","7,487.66","7,806.60","7,419.56","12.84B","0.92%"
"07/01/2018","7,671.79","7,451.90","7,933.31","7,443.10","9.42B","2.15%"
"08/01/2018","8,109.54","7,701.82","8,133.30","7,659.52","10.70B","5.71%"
"09/01/2018","8,046.35","8,087.96","8,104.07","7,873.93","11.15B","-0.78%"
"10/01/2018","7,305.90","8,091.50","8,107.38","6,922.83","14.83B","-9.20%"
"11/01/2018","7,330.54","7,327.82","7,572.93","6,830.76","12.57B","0.34%"
"12/01/2018","6,635.28","7,486.13","7,486.51","6,190.17","13.12B","-9.48%"
"01/01/2019","7,281.74","6,506.91","7,303.12","6,457.13","12.23B","9.74%"
"02/01/2019","7,532.53","7,256.37","7,602.69","7,225.14","10.64B","3.44%"
"03/01/2019","7,729.32","7,587.45","7,850.10","7,332.92","13.04B","2.61%"
"04/01/2019","8,095.39","7,800.24","8,176.08","7,777.10","10.75B","4.74%"
"05/01/2019","7,453.15","8,132.93","8,164.71","7,448.23","12.28B","-7.93%"
"06/01/2019","8,006.24","7,441.21","8,088.88","7,292.21","12.57B","7.42%"
"07/01/2019","8,175.42","8,145.85","8,339.64","8,059.29","11.14B","2.11%"
"08/01/2019","7,962.88","8,190.56","8,311.04","7,662.90","11.99B","-2.60%"
"09/01/2019","7,999.33","7,906.44","8,243.80","7,847.32","11.51B","0.46%"
"10/01/2019","8,292.36","8,026.83","8,335.56","7,700.00","11.23B","3.66%"
"11/01/2019","8,665.47","8,335.05","8,705.91","8,326.56","10.75B","4.50%"
"12/01/2019","8,972.60","8,672.84","9,052.00","8,435.40","12.25B","3.54%"
"01/01/2020","9,150.94","9,039.46","9,451.43","8,943.50","12.89B","1.99%"
"02/01/2020","8,567.37","9,190.72","9,838.37","8,264.16","13.39B","-6.38%"
"03/01/2020","7,700.10","8,667.14","9,070.32","6,631.42","25.11B","-10.12%"
"04/01/2020","8,889.55","7,459.50","8,957.26","7,288.11","18.76B","15.45%"
"05/01/2020","9,489.87","8,681.29","9,523.64","8,537.83","18.17B","6.75%"
"06/01/2020","10,058.76","9,471.42","10,221.85","9,403.00","27.30B","5.99%"
"07/01/2020","10,745.28","10,063.67","10,839.93","10,048.04","20.68B","6.83%"
"08/01/2020","11,775.46","10,848.64","11,829.84","10,762.71","17.24B","9.59%"
"09/01/2020","11,167.68","11,850.96","12,074.07","10,519.49","20.52B","-5.16%"
"10/01/2020","10,911.59","11,291.99","11,965.54","10,822.57","16.77B","-2.29%"
"11/01/2020","12,198.74","11,010.45","12,244.64","10,830.95","19.47B","11.80%"
"12/01/2020","12,888.28","12,313.36","12,973.33","12,214.74","23.50B","5.65%"
"01/01/2021","13,070.70","12,958.52","13,728.98","12,543.24","26.55B","1.42%"
"02/01/2021","13,192.35","13,226.18","14,175.12","13,003.98","27.40B","0.93%"
"03/01/2021","13,246.87","13,406.16","13,620.71","12,397.05","29.12B","0.41%"
"04/01/2021","13,962.68","13,414.33","14,211.57","13,404.18","18.51B","5.40%"
"05/01/2021","13,748.74","14,031.77","14,042.12","13,002.54","18.49B","-1.53%"
"06/01/2021","14,503.95","13,829.05","14,535.97","13,548.93","24.05B","5.49%"
"07/01/2021","14,672.68","14,493.69","14,863.65","14,178.66","17.46B","1.16%"
"08/01/2021","15,259.24","14,758.60","15,288.08","14,423.16","17.68B","4.00%"
"09/01/2021","14,448.58","15,308.97","15,403.44","14,444.30","20.39B","-5.31%"
"10/01/2021","15,498.39","14,494.93","15,504.12","14,181.69","18.71B","7.27%"
"11/01/2021","15,537.69","15,541.26","16,212.23","15,451.38","21.65B","0.25%"
"12/01/2021","15,644.97","15,752.27","15,901.47","14,860.04","22.79B","0.69%"
"01/01/2022","14,239.88","15,732.50","15,852.14","13,094.65","20.65B","-8.98%"
"02/01/2022","13,751.40","14,277.43","14,509.56","12,587.88","18.89B","-3.43%"
"03/01/2022","14,220.52","13,716.70","14,646.90","12,555.35","26.96B","3.41%"
"04/01/2022","12,334.64","14,269.53","14,534.38","12,315.74","19.02B","-13.26%"
"05/01/2022","12,081.39","12,331.69","12,985.01","11,035.69","23.28B","-2.05%"
"06/01/2022","11,028.74","12,176.89","12,320.12","10,565.13","26.74B","-8.71%"
"07/01/2022","12,390.69","11,006.83","12,426.26","10,911.45","18.16B","12.35%"
"08/01/2022","11,816.20","12,317.96","13,181.09","11,790.03","21.71B","-4.64%"
"09/01/2022","10,575.62","11,707.44","12,270.19","10,572.33","22.03B","-10.50%"
"10/01/2022","10,988.15","10,659.01","11,230.44","10,088.83","19.93B","3.90%"
"11/01/2022","11,468.00","11,154.74","11,492.62","10,262.93","20.08B","4.37%"
"12/01/2022","10,466.48","11,475.17","11,571.64","10,207.47","21.69B","-8.73%"
"01/01/2023","11,584.55","10,562.06","11,691.89","10,265.04","954.43M","10.68%"
"02/01/2023","11,855.83","11,573.14","12,269.55","11,500.33","986.41M","2.34%"