{"AALI":"AGRI","ABBA":"TRADE","ABDA":"FINANCE","ABMM":"TRADE","ACES":"TRADE","ACST":"PROPERTY","ADES":"CONSUMER","ADHI":"PROPERTY","ADMF":"FINANCE","ADMG":"BASIC-IND","ADRO":"MINING","AGII":"BASIC-IND","AGRO":"FINANCE","AGRS":"FINANCE","AHAP":"FINANCE","AIMS":"TRADE","AISA":"CONSUMER","AKKU":"TRADE","AKPI":"BASIC-IND","AKRA":"TRADE","AKSI":"TRADE","ALDO":"BASIC-IND","ALKA":"BASIC-IND","ALMI":"BASIC-IND","ALTO":"CONSUMER","AMAG":"FINANCE","AMFG":"BASIC-IND","AMIN":"MISC-IND","AMRT":"TRADE","ANJT":"AGRI","ANTM":"MINING","APEX":"MINING","APIC":"FINANCE","APII":"TRADE","APLI":"BASIC-IND","APLN":"PROPERTY","APOL":"INFRASTRUCT","ARGO":"MISC-IND","ARII":"MINING","ARMY":"PROPERTY","ARNA":"BASIC-IND","ARTA":"TRADE","ARTI":"MINING","ARTO":"FINANCE","ASBI":"FINANCE","ASDM":"FINANCE","ASGR":"TRADE","ASII":"MISC-IND","ASJT":"FINANCE","ASMI":"FINANCE","ASRI":"PROPERTY","ASRM":"FINANCE","ASSA":"INFRASTRUCT","ATIC":"TRADE","ATPK":"MINING","AUTO":"MISC-IND","BABP":"FINANCE","BACA":"FINANCE","BAJA":"BASIC-IND","BALI":"INFRASTRUCT","BAPA":"PROPERTY","BATA":"MISC-IND","BAYU":"TRADE","BBCA":"FINANCE","BBHI":"FINANCE","BBKP":"FINANCE","BBLD":"FINANCE","BBMD":"FINANCE","BBNI":"FINANCE","BBNP":"FINANCE","BBRI":"FINANCE","BBRM":"INFRASTRUCT","BBTN":"FINANCE","BBYB":"FINANCE","BCAP":"FINANCE","BCIC":"FINANCE","BCIP":"PROPERTY","BDMN":"FINANCE","BEKS":"FINANCE","BELL":"MISC-IND","BEST":"PROPERTY","BFIN":"FINANCE","BGTG":"FINANCE","BHIT":"TRADE","BIKA":"PROPERTY","BIMA":"MISC-IND","BINA":"FINANCE","BIPI":"MINING","BIPP":"PROPERTY","BIRD":"INFRASTRUCT","BISI":"AGRI","BJBR":"FINANCE","BJTM":"FINANCE","BKDP":"PROPERTY","BKSL":"PROPERTY","BKSW":"FINANCE","BLTA":"INFRASTRUCT","BLTZ":"TRADE","BMAS":"FINANCE","BMRI":"FINANCE","BMSR":"TRADE","BMTR":"TRADE","BNBA":"FINANCE","BNBR":"TRADE","BNGA":"FINANCE","BNII":"FINANCE","BNLI":"FINANCE","BOGA":"TRADE","BOLT":"MISC-IND","BORN":"MINING","BOSS":"MINING","BPFI":"FINANCE","BPII":"FINANCE","BRAM":"MISC-IND","BRIS":"FINANCE","BRMS":"TRADE","BRNA":"BASIC-IND","BRPT":"BASIC-IND","BSDE":"PROPERTY","BSIM":"FINANCE","BSSR":"MINING","BSWD":"FINANCE","BTEK":"CONSUMER","BTEL":"INFRASTRUCT","BTON":"BASIC-IND","BTPN":"FINANCE","BTPS":"FINANCE","BUDI":"CONSUMER","BUKK":"INFRASTRUCT","BULL":"INFRASTRUCT","BUMI":"MINING","BUVA":"TRADE","BVIC":"FINANCE","BWPT":"AGRI","BYAN":"MINING","CAMP":"CONSUMER","CANI":"INFRASTRUCT","CARS":"TRADE","CASA":"FINANCE","CASS":"INFRASTRUCT","CEKA":"CONSUMER","CENT":"TRADE","CFIN":"FINANCE","CINT":"CONSUMER","CITA":"MINING","CKRA":"MINING","CLEO":"CONSUMER","CLPI":"TRADE","CMNP":"INFRASTRUCT","CMPP":"TRADE","CNKO":"TRADE","CNTX":"MISC-IND","COWL":"PROPERTY","CPIN":"BASIC-IND","CPRO":"BASIC-IND","CSAP":"TRADE","CSIS":"PROPERTY","CTBN":"BASIC-IND","CTRA":"PROPERTY","CTTH":"MINING","DAJK":"BASIC-IND","DART":"PROPERTY","DAYA":"TRADE","DEFI":"FINANCE","DEWA":"MINING","DFAM":"TRADE","DGIK":"PROPERTY","DILD":"PROPERTY","DKFT":"MINING","DLTA":"CONSUMER","DMAS":"PROPERTY","DNAR":"FINANCE","DNET":"TRADE","DOID":"MINING","DPNS":"BASIC-IND","DPUM":"TRADE","DSFI":"AGRI","DSNG":"AGRI","DSSA":"MINING","DUTI":"PROPERTY","DVLA":"CONSUMER","DWGL":"TRADE","DYAN":"TRADE","ECII":"TRADE","EKAD":"BASIC-IND","ELSA":"MINING","ELTY":"PROPERTY","EMDE":"PROPERTY","EMTK":"TRADE","ENRG":"MINING","EPMT":"TRADE","ERAA":"TRADE","ERTX":"MISC-IND","ESSA":"MINING","ESTI":"MISC-IND","ETWA":"BASIC-IND","EXCL":"INFRASTRUCT","FAST":"TRADE","FASW":"BASIC-IND","FINN":"FINANCE","FIRE":"MINING","FISH":"TRADE","FMII":"PROPERTY","FORU":"TRADE","FORZ":"PROPERTY","FPNI":"BASIC-IND","FREN":"INFRASTRUCT","GAMA":"PROPERTY","GDST":"BASIC-IND","GDYR":"MISC-IND","GEMA":"TRADE","GEMS":"MINING","GGRM":"CONSUMER","GHON":"INFRASTRUCT","GIAA":"INFRASTRUCT","GJTL":"MISC-IND","GLOB":"TRADE","GMCW":"TRADE","GMFI":"MISC-IND","GMTD":"PROPERTY","GOLD":"TRADE","GOLL":"AGRI","GPRA":"PROPERTY","GREN":"TRADE","GSMF":"FINANCE","GTBO":"MINING","GWSA":"PROPERTY","GZCO":"AGRI","HADE":"FINANCE","HDFA":"FINANCE","HDTX":"MISC-IND","HELI":"INFRASTRUCT","HERO":"TRADE","HEXA":"TRADE","HITS":"INFRASTRUCT","HMSP":"CONSUMER","HOKI":"CONSUMER","HOME":"TRADE","HOTL":"TRADE","HRTA":"CONSUMER","HRUM":"MINING","IATA":"INFRASTRUCT","IBFN":"FINANCE","IBST":"INFRASTRUCT","ICBP":"CONSUMER","ICON":"TRADE","IDPR":"PROPERTY","IGAR":"BASIC-IND","IIKP":"CONSUMER","IKAI":"BASIC-IND","IKBI":"MISC-IND","IMAS":"MISC-IND","IMJS":"FINANCE","IMPC":"BASIC-IND","INAF":"CONSUMER","INAI":"BASIC-IND","INCF":"BASIC-IND","INCI":"BASIC-IND","INCO":"MINING","INDF":"CONSUMER","INDR":"MISC-IND","INDS":"MISC-IND","INDX":"INFRASTRUCT","INDY":"INFRASTRUCT","INKP":"BASIC-IND","INPC":"FINANCE","INPP":"TRADE","INPS":"TRADE","INRU":"BASIC-IND","INTA":"TRADE","INTD":"TRADE","INTP":"BASIC-IND","IPCM":"INFRASTRUCT","IPOL":"BASIC-IND","ISAT":"INFRASTRUCT","ISSP":"BASIC-IND","ITMA":"TRADE","ITMG":"MINING","ITTG":"TRADE","JAWA":"AGRI","JECC":"MISC-IND","JGLE":"TRADE","JIHD":"TRADE","JKON":"PROPERTY","JKSW":"BASIC-IND","JMAS":"FINANCE","JPFA":"BASIC-IND","JPRS":"BASIC-IND","JRPT":"PROPERTY","JSKY":"MISC-IND","JSMR":"INFRASTRUCT","JSPT":"TRADE","JTPE":"TRADE","KAEF":"CONSUMER","KARW":"INFRASTRUCT","KBLI":"MISC-IND","KBLM":"MISC-IND","KBLV":"TRADE","KBRI":"BASIC-IND","KDSI":"BASIC-IND","KIAS":"BASIC-IND","KICI":"CONSUMER","KIJA":"PROPERTY","KINO":"CONSUMER","KIOS":"TRADE","KKGI":"MINING","KLBF":"CONSUMER","KMTR":"BASIC-IND","KOBX":"TRADE","KOIN":"TRADE","KONI":"TRADE","KOPI":"INFRASTRUCT","KPIG":"TRADE","KRAH":"MISC-IND","KRAS":"BASIC-IND","KREN":"FINANCE","LAPD":"INFRASTRUCT","LCGP":"PROPERTY","LCKM":"INFRASTRUCT","LEAD":"INFRASTRUCT","LINK":"TRADE","LION":"BASIC-IND","LMAS":"TRADE","LMPI":"CONSUMER","LMSH":"BASIC-IND","LPCK":"PROPERTY","LPGI":"FINANCE","LPIN":"MISC-IND","LPKR":"PROPERTY","LPLI":"TRADE","LPPF":"TRADE","LPPS":"FINANCE","LRNA":"INFRASTRUCT","LSIP":"AGRI","LTLS":"TRADE","MABA":"TRADE","MAGP":"AGRI","MAIN":"BASIC-IND","MAMI":"TRADE","MAPB":"TRADE","MAPI":"TRADE","MARI":"TRADE","MARK":"BASIC-IND","MASA":"MISC-IND","MAYA":"FINANCE","MBAP":"MINING","MBSS":"INFRASTRUCT","MBTO":"CONSUMER","MCAS":"TRADE","MCOR":"FINANCE","MDIA":"TRADE","MDKA":"MINING","MDKI":"BASIC-IND","MDLN":"PROPERTY","MDRN":"TRADE","MEDC":"MINING","MEGA":"FINANCE","MERK":"CONSUMER","META":"INFRASTRUCT","MFIN":"FINANCE","MFMI":"TRADE","MGNA":"AGRI","MICE":"TRADE","MIDI":"TRADE","MIKA":"TRADE","MINA":"TRADE","MIRA":"INFRASTRUCT","MITI":"MINING","MKNT":"TRADE","MKPI":"PROPERTY","MLBI":"CONSUMER","MLIA":"BASIC-IND","MLPL":"TRADE","MLPT":"TRADE","MMLP":"PROPERTY","MNCN":"TRADE","MPMX":"TRADE","MPOW":"INFRASTRUCT","MPPA":"TRADE","MRAT":"CONSUMER","MREI":"FINANCE","MSKY":"TRADE","MTDL":"TRADE","MTFN":"FINANCE","MTLA":"PROPERTY","MTRA":"PROPERTY","MTSM":"PROPERTY","MTWI":"FINANCE","MYOH":"MINING","MYOR":"CONSUMER","MYRX":"PROPERTY","MYTX":"MISC-IND","NAGA":"FINANCE","NASA":"TRADE","NELY":"INFRASTRUCT","NICK":"TRADE","NIKL":"BASIC-IND","NIPS":"MISC-IND","NIRO":"PROPERTY","NISP":"FINANCE","NOBU":"FINANCE","NRCA":"PROPERTY","OASA":"INFRASTRUCT","OCAP":"TRADE","OKAS":"TRADE","OMRE":"PROPERTY","PADI":"FINANCE","PALM":"AGRI","PANR":"TRADE","PANS":"FINANCE","PBID":"BASIC-IND","PBRX":"MISC-IND","PBSA":"PROPERTY","PCAR":"CONSUMER","PDES":"TRADE","PEGE":"FINANCE","PGAS":"INFRASTRUCT","PGLI":"TRADE","PICO":"BASIC-IND","PJAA":"TRADE","PKPK":"MINING","PLAS":"TRADE","PLIN":"PROPERTY","PNBN":"FINANCE","PNBS":"FINANCE","PNIN":"FINANCE","PNLF":"FINANCE","PNSE":"TRADE","POLY":"MISC-IND","POOL":"TRADE","PORT":"INFRASTRUCT","POWR":"INFRASTRUCT","PPRE":"INFRASTRUCT","PPRO":"PROPERTY","PRAS":"MISC-IND","PRDA":"TRADE","PRIM":"TRADE","PSAB":"MINING","PSDN":"CONSUMER","PSKT":"TRADE","PSSI":"INFRASTRUCT","PTBA":"MINING","PTIS":"INFRASTRUCT","PTPP":"PROPERTY","PTRO":"MINING","PTSN":"MISC-IND","PTSP":"TRADE","PUDP":"TRADE","PWON":"PROPERTY","PYFA":"CONSUMER","RAJA":"INFRASTRUCT","RALS":"TRADE","RANC":"TRADE","RBMS":"PROPERTY","RDTX":"PROPERTY","RELI":"FINANCE","RICY":"MISC-IND","RIGS":"INFRASTRUCT","RIMO":"TRADE","RMBA":"CONSUMER","RODA":"PROPERTY","ROTI":"CONSUMER","RUIS":"MINING","SAFE":"INFRASTRUCT","SAME":"TRADE","SCBD":"PROPERTY","SCCO":"MISC-IND","SCMA":"TRADE","SCPI":"CONSUMER","SDMU":"INFRASTRUCT","SDPC":"TRADE","SDRA":"FINANCE","SGRO":"AGRI","SHID":"TRADE","SHIP":"INFRASTRUCT","SIAP":"TRADE","SIDO":"CONSUMER","SILO":"TRADE","SIMA":"TRADE","SIMP":"AGRI","SIPD":"BASIC-IND","SKBM":"CONSUMER","SKLT":"CONSUMER","SKYB":"TRADE","SMAR":"AGRI","SMBR":"BASIC-IND","SMCB":"BASIC-IND","SMDM":"PROPERTY","SMDR":"INFRASTRUCT","SMGR":"BASIC-IND","SMMA":"FINANCE","SMMT":"MINING","SMRA":"PROPERTY","SMRU":"MINING","SMSM":"MISC-IND","SOCI":"INFRASTRUCT","SONA":"TRADE","SPMA":"BASIC-IND","SPTO":"TRADE","SQMI":"TRADE","SRAJ":"TRADE","SRIL":"MISC-IND","SRSN":"BASIC-IND","SRTG":"TRADE","SSIA":"PROPERTY","SSMS":"AGRI","SSTM":"MISC-IND","STAR":"MISC-IND","STTP":"CONSUMER","SUGI":"TRADE","SULI":"BASIC-IND","SUPR":"INFRASTRUCT","TALF":"BASIC-IND","TAMU":"INFRASTRUCT","TARA":"PROPERTY","TAXI":"INFRASTRUCT","TBIG":"INFRASTRUCT","TBLA":"AGRI","TBMS":"BASIC-IND","TCID":"CONSUMER","TDPM":"BASIC-IND","TELE":"TRADE","TFCO":"MISC-IND","TGKA":"TRADE","TGRA":"INFRASTRUCT","TIFA":"FINANCE","TINS":"MINING","TIRA":"TRADE","TIRT":"BASIC-IND","TKIM":"BASIC-IND","TLKM":"INFRASTRUCT","TMAS":"INFRASTRUCT","TMPI":"TRADE","TMPO":"TRADE","TOBA":"MINING","TOPS":"PROPERTY","TOTL":"PROPERTY","TOTO":"BASIC-IND","TOWR":"INFRASTRUCT","TPIA":"BASIC-IND","TPMA":"INFRASTRUCT","TRAM":"INFRASTRUCT","TRIL":"TRADE","TRIM":"FINANCE","TRIO":"TRADE","TRIS":"MISC-IND","TRST":"BASIC-IND","TRUB":"INFRASTRUCT","TRUS":"FINANCE","TSPC":"CONSUMER","TURI":"TRADE","ULTJ":"CONSUMER","UNIC":"BASIC-IND","UNIT":"MISC-IND","UNSP":"AGRI","UNTR":"TRADE","UNVR":"CONSUMER","VICO":"FINANCE","VINS":"FINANCE","VIVA":"TRADE","VOKS":"MISC-IND","VRNA":"FINANCE","WAPO":"TRADE","WEGE":"PROPERTY","WEHA":"INFRASTRUCT","WICO":"TRADE","WIIM":"CONSUMER","WIKA":"PROPERTY","WINS":"INFRASTRUCT","WOMF":"FINANCE","WOOD":"CONSUMER","WSBP":"BASIC-IND","WSKT":"PROPERTY","WTON":"BASIC-IND","YPAS":"BASIC-IND","YULE":"FINANCE","ZBRA":"INFRASTRUCT","ZINC":"MINING"}