{"data":[{"code":"AALI","stock_name":"Astra Agro Lestari Tbk.","close":"11,900  ","volume":"6,955  ","value":"8.3 B ","low_price":"453 ","high_price":"33,636 ","equity":"19.3 T","share_out":"1.9 B","debt_s":"2.2 T","debt_l":"4.2 T","eps":"748.32 ","per":"15.90 x","bvps":"10,039.89 ","pbv":"1.19 x","der":"0.33 ","net_profit_anlz":"1.4 T","current":"355.5 B","net_profit_yt1":"801.0 B","industri":"AGRI","is_undervalued":false},{"code":"ABBA","stock_name":"Mahaka Media Tbk.","close":"65  ","volume":"159,949  ","value":"1.1 B ","low_price":"50 ","high_price":"395 ","equity":"118.8 B","share_out":"2.8 B","debt_s":"122.4 B","debt_l":"187.0 B","eps":"-9.92 ","per":"-6.75 x","bvps":"43.11 ","pbv":"1.55 x","der":"2.61 ","net_profit_anlz":"-27.8 B","current":"-27.8 B","net_profit_yt1":"-40.7 B","industri":"TRADE","is_undervalued":false},{"code":"ABDA","stock_name":"Asuransi Bina Dana Arta Tbk.","close":"7,600  ","volume":"0  ","value":"0  ","low_price":"0 ","high_price":"8,500 ","equity":"1.5 T","share_out":"620.8 M","debt_s":"0 ","debt_l":"1.6 T","eps":"277.20 ","per":"27.06 x","bvps":"2,351.47 ","pbv":"3.19 x","der":"1.07 ","net_profit_anlz":"172.1 B","current":"43.0 B","net_profit_yt1":"42.7 B","industri":"FINANCE","is_undervalued":false},{"code":"ABMM","stock_name":"ABM Investama Tbk.","close":"2,190  ","volume":"0  ","value":"0  ","low_price":"1,730 ","high_price":"4,100 ","equity":"2.4 T","share_out":"2.8 B","debt_s":"2.9 T","debt_l":"9.1 T","eps":"135.80 ","per":"16.13 x","bvps":"872.69 ","pbv":"2.51 x","der":"5.00 ","net_profit_anlz":"380.2 B","current":"95.1 B","net_profit_yt1":"190.0 B","industri":"TRADE","is_undervalued":false},{"code":"ACES","stock_name":"Ace Hardware Indonesia Tbk.","close":"1,225  ","volume":"43,918  ","value":"5.3 B ","low_price":"61 ","high_price":"1,430 ","equity":"3.9 T","share_out":"17.2 B","debt_s":"495.4 B","debt_l":"455.0 B","eps":"48.88 ","per":"24.75 x","bvps":"226.09 ","pbv":"5.35 x","der":"0.25 ","net_profit_anlz":"835.6 B","current":"208.9 B","net_profit_yt1":"154.1 B","industri":"TRADE","is_undervalued":false},{"code":"ACST","stock_name":"Acset Indonusa Tbk.","close":"2,740  ","volume":"13,928  ","value":"3.8 B ","low_price":"1,621 ","high_price":"5,698 ","equity":"1.4 T","share_out":"700.0 M","debt_s":"3.7 T","debt_l":"162.5 B","eps":"220.35 ","per":"12.39 x","bvps":"2,053.04 ","pbv":"1.33 x","der":"2.69 ","net_profit_anlz":"154.2 B","current":"154.2 B","net_profit_yt1":"68.3 B","industri":"PROPERTY","is_undervalued":false},{"code":"ADES","stock_name":"Akasha Wira International Tbk.","close":"900  ","volume":"141  ","value":"13.1 M ","low_price":"133 ","high_price":"5,000 ","equity":"446.7 B","share_out":"589.9 M","debt_s":"211.4 B","debt_l":"203.1 B","eps":"91.96 ","per":"10.06 x","bvps":"757.33 ","pbv":"1.22 x","der":"0.93 ","net_profit_anlz":"54.3 B","current":"13.6 B","net_profit_yt1":"11.2 B","industri":"CONSUMER","is_undervalued":false}]}